{
   "abstract" : "IMAP4 client library",
   "author" : [
      "Phil Pearl (Lobbes) <plobbes+mail-imapclient@gmail.com>"
   ],
   "dynamic_config" : 1,
   "generated_by" : "ExtUtils::MakeMaker version 7.24, CPAN::Meta::Converter version 2.150010",
   "license" : [
      "perl_5"
   ],
   "meta-spec" : {
      "url" : "http://search.cpan.org/perldoc?CPAN::Meta::Spec",
      "version" : 2
   },
   "name" : "Mail-IMAPClient",
   "no_index" : {
      "directory" : [
         "t",
         "inc"
      ]
   },
   "prereqs" : {
      "build" : {
         "requires" : {
            "ExtUtils::MakeMaker" : "0"
         }
      },
      "configure" : {
         "requires" : {
            "ExtUtils::MakeMaker" : "0"
         }
      },
      "runtime" : {
         "requires" : {
            "Carp" : "0",
            "Errno" : "0",
            "Fcntl" : "0",
            "File::Temp" : "0",
            "IO::File" : "0",
            "IO::Select" : "0",
            "IO::Socket" : "0",
            "IO::Socket::INET" : "1.26",
            "List::Util" : "0",
            "MIME::Base64" : "0",
            "Parse::RecDescent" : "1.94",
            "Test::More" : "0",
            "perl" : "5.008"
         }
      }
   },
   "release_status" : "stable",
   "resources" : {
      "homepage" : "https://sourceforge.net/projects/mail-imapclient/"
   },
   "version" : "3.42",
   "x_serialization_backend" : "JSON::PP version 2.97001"
}
